attack,defense,metric
none,none,0.9249
FGSM (eps=0.01),none,0.0837
FGSM (eps=0.01),"GaussianSmoothing (k=3, sigma=0.2)",0.0837
FGSM (eps=0.01),"GaussianSmoothing (k=3, sigma=0.4)",0.0901
FGSM (eps=0.01),"GaussianSmoothing (k=3, sigma=0.6)",0.1708
FGSM (eps=0.01),"GaussianSmoothing (k=3, sigma=0.8)",0.2531
FGSM (eps=0.01),"GaussianSmoothing (k=5, sigma=0.2)",0.0837
FGSM (eps=0.01),"GaussianSmoothing (k=5, sigma=0.4)",0.0901
FGSM (eps=0.01),"GaussianSmoothing (k=5, sigma=0.6)",0.1733
FGSM (eps=0.01),"GaussianSmoothing (k=5, sigma=0.8)",0.2768
FGSM (eps=0.01),JpegCompression (q=50),0.4767
FGSM (eps=0.01),JpegCompression (q=70),0.3814
FGSM (eps=0.01),JpegCompression (q=90),0.2311
FGSM (eps=0.01),SpatialSmoothing (w=3),0.3254
FGSM (eps=0.01),SpatialSmoothing (w=5),0.4236
FGSM (eps=0.01),Total Variance Minimization (p=0.3),0.4343
FGSM (eps=0.02),none,0.0355
FGSM (eps=0.02),"GaussianSmoothing (k=3, sigma=0.2)",0.0355
FGSM (eps=0.02),"GaussianSmoothing (k=3, sigma=0.4)",0.0363
FGSM (eps=0.02),"GaussianSmoothing (k=3, sigma=0.6)",0.0547
FGSM (eps=0.02),"GaussianSmoothing (k=3, sigma=0.8)",0.0837
FGSM (eps=0.02),"GaussianSmoothing (k=5, sigma=0.2)",0.0355
FGSM (eps=0.02),"GaussianSmoothing (k=5, sigma=0.4)",0.0363
FGSM (eps=0.02),"GaussianSmoothing (k=5, sigma=0.6)",0.0554
FGSM (eps=0.02),"GaussianSmoothing (k=5, sigma=0.8)",0.0958
FGSM (eps=0.02),JpegCompression (q=50),0.1352
FGSM (eps=0.02),JpegCompression (q=70),0.0962
FGSM (eps=0.02),JpegCompression (q=90),0.0535
FGSM (eps=0.02),SpatialSmoothing (w=3),0.1192
FGSM (eps=0.02),SpatialSmoothing (w=5),0.2581
FGSM (eps=0.02),Total Variance Minimization (p=0.3),0.3580
FGSM (eps=0.03),none,0.0388
FGSM (eps=0.03),"GaussianSmoothing (k=3, sigma=0.2)",0.0388
FGSM (eps=0.03),"GaussianSmoothing (k=3, sigma=0.4)",0.0377
FGSM (eps=0.03),"GaussianSmoothing (k=3, sigma=0.6)",0.0451
FGSM (eps=0.03),"GaussianSmoothing (k=3, sigma=0.8)",0.0616
FGSM (eps=0.03),"GaussianSmoothing (k=5, sigma=0.2)",0.0388
FGSM (eps=0.03),"GaussianSmoothing (k=5, sigma=0.4)",0.0377
FGSM (eps=0.03),"GaussianSmoothing (k=5, sigma=0.6)",0.0454
FGSM (eps=0.03),"GaussianSmoothing (k=5, sigma=0.8)",0.0686
FGSM (eps=0.03),JpegCompression (q=50),0.0885
FGSM (eps=0.03),JpegCompression (q=70),0.0644
FGSM (eps=0.03),JpegCompression (q=90),0.0434
FGSM (eps=0.03),SpatialSmoothing (w=3),0.0880
FGSM (eps=0.03),SpatialSmoothing (w=5),0.1956
FGSM (eps=0.03),Total Variance Minimization (p=0.3),0.3116
FGSM (eps=0.04),none,0.0567
FGSM (eps=0.04),"GaussianSmoothing (k=3, sigma=0.2)",0.0567
FGSM (eps=0.04),"GaussianSmoothing (k=3, sigma=0.4)",0.0538
FGSM (eps=0.04),"GaussianSmoothing (k=3, sigma=0.6)",0.0565
FGSM (eps=0.04),"GaussianSmoothing (k=3, sigma=0.8)",0.0711
FGSM (eps=0.04),"GaussianSmoothing (k=5, sigma=0.2)",0.0567
FGSM (eps=0.04),"GaussianSmoothing (k=5, sigma=0.4)",0.0538
FGSM (eps=0.04),"GaussianSmoothing (k=5, sigma=0.6)",0.0567
FGSM (eps=0.04),"GaussianSmoothing (k=5, sigma=0.8)",0.0758
FGSM (eps=0.04),JpegCompression (q=50),0.0748
FGSM (eps=0.04),JpegCompression (q=70),0.0578
FGSM (eps=0.04),JpegCompression (q=90),0.0494
FGSM (eps=0.04),SpatialSmoothing (w=3),0.1041
FGSM (eps=0.04),SpatialSmoothing (w=5),0.1928
FGSM (eps=0.04),Total Variance Minimization (p=0.3),0.2893
FGSM (eps=0.05),none,0.0852
FGSM (eps=0.05),"GaussianSmoothing (k=3, sigma=0.2)",0.0852
FGSM (eps=0.05),"GaussianSmoothing (k=3, sigma=0.4)",0.0804
FGSM (eps=0.05),"GaussianSmoothing (k=3, sigma=0.6)",0.0813
FGSM (eps=0.05),"GaussianSmoothing (k=3, sigma=0.8)",0.0970
FGSM (eps=0.05),"GaussianSmoothing (k=5, sigma=0.2)",0.0852
FGSM (eps=0.05),"GaussianSmoothing (k=5, sigma=0.4)",0.0804
FGSM (eps=0.05),"GaussianSmoothing (k=5, sigma=0.6)",0.0813
FGSM (eps=0.05),"GaussianSmoothing (k=5, sigma=0.8)",0.0999
FGSM (eps=0.05),JpegCompression (q=50),0.0776
FGSM (eps=0.05),JpegCompression (q=70),0.0625
FGSM (eps=0.05),JpegCompression (q=90),0.0583
FGSM (eps=0.05),SpatialSmoothing (w=3),0.1404
FGSM (eps=0.05),SpatialSmoothing (w=5),0.2187
FGSM (eps=0.05),Total Variance Minimization (p=0.3),0.2808
FGSM (eps=0.06),none,0.1233
FGSM (eps=0.06),"GaussianSmoothing (k=3, sigma=0.2)",0.1233
FGSM (eps=0.06),"GaussianSmoothing (k=3, sigma=0.4)",0.1160
FGSM (eps=0.06),"GaussianSmoothing (k=3, sigma=0.6)",0.1176
FGSM (eps=0.06),"GaussianSmoothing (k=3, sigma=0.8)",0.1362
FGSM (eps=0.06),"GaussianSmoothing (k=5, sigma=0.2)",0.1233
FGSM (eps=0.06),"GaussianSmoothing (k=5, sigma=0.4)",0.1160
FGSM (eps=0.06),"GaussianSmoothing (k=5, sigma=0.6)",0.1174
FGSM (eps=0.06),"GaussianSmoothing (k=5, sigma=0.8)",0.1373
FGSM (eps=0.06),JpegCompression (q=50),0.0884
FGSM (eps=0.06),JpegCompression (q=70),0.0760
FGSM (eps=0.06),JpegCompression (q=90),0.0778
FGSM (eps=0.06),SpatialSmoothing (w=3),0.1888
FGSM (eps=0.06),SpatialSmoothing (w=5),0.2592
FGSM (eps=0.06),Total Variance Minimization (p=0.3),0.2828
FGSM (eps=0.07),none,0.1681
FGSM (eps=0.07),"GaussianSmoothing (k=3, sigma=0.2)",0.1681
FGSM (eps=0.07),"GaussianSmoothing (k=3, sigma=0.4)",0.1584
FGSM (eps=0.07),"GaussianSmoothing (k=3, sigma=0.6)",0.1613
FGSM (eps=0.07),"GaussianSmoothing (k=3, sigma=0.8)",0.1850
FGSM (eps=0.07),"GaussianSmoothing (k=5, sigma=0.2)",0.1681
FGSM (eps=0.07),"GaussianSmoothing (k=5, sigma=0.4)",0.1584
FGSM (eps=0.07),"GaussianSmoothing (k=5, sigma=0.6)",0.1609
FGSM (eps=0.07),"GaussianSmoothing (k=5, sigma=0.8)",0.1846
FGSM (eps=0.07),JpegCompression (q=50),0.0988
FGSM (eps=0.07),JpegCompression (q=70),0.0876
FGSM (eps=0.07),JpegCompression (q=90),0.0942
FGSM (eps=0.07),SpatialSmoothing (w=3),0.2415
FGSM (eps=0.07),SpatialSmoothing (w=5),0.3055
FGSM (eps=0.07),Total Variance Minimization (p=0.3),0.2921
FGSM (eps=0.08),none,0.2146
FGSM (eps=0.08),"GaussianSmoothing (k=3, sigma=0.2)",0.2146
FGSM (eps=0.08),"GaussianSmoothing (k=3, sigma=0.4)",0.2039
FGSM (eps=0.08),"GaussianSmoothing (k=3, sigma=0.6)",0.2085
FGSM (eps=0.08),"GaussianSmoothing (k=3, sigma=0.8)",0.2362
FGSM (eps=0.08),"GaussianSmoothing (k=5, sigma=0.2)",0.2146
FGSM (eps=0.08),"GaussianSmoothing (k=5, sigma=0.4)",0.2039
FGSM (eps=0.08),"GaussianSmoothing (k=5, sigma=0.6)",0.2079
FGSM (eps=0.08),"GaussianSmoothing (k=5, sigma=0.8)",0.2352
FGSM (eps=0.08),JpegCompression (q=50),0.1171
FGSM (eps=0.08),JpegCompression (q=70),0.1094
FGSM (eps=0.08),JpegCompression (q=90),0.1228
FGSM (eps=0.08),SpatialSmoothing (w=3),0.2938
FGSM (eps=0.08),SpatialSmoothing (w=5),0.3534
FGSM (eps=0.08),Total Variance Minimization (p=0.3),0.3049
FGSM (eps=0.09),none,0.2568
FGSM (eps=0.09),"GaussianSmoothing (k=3, sigma=0.2)",0.2568
FGSM (eps=0.09),"GaussianSmoothing (k=3, sigma=0.4)",0.2475
FGSM (eps=0.09),"GaussianSmoothing (k=3, sigma=0.6)",0.2552
FGSM (eps=0.09),"GaussianSmoothing (k=3, sigma=0.8)",0.2837
FGSM (eps=0.09),"GaussianSmoothing (k=5, sigma=0.2)",0.2568
FGSM (eps=0.09),"GaussianSmoothing (k=5, sigma=0.4)",0.2475
FGSM (eps=0.09),"GaussianSmoothing (k=5, sigma=0.6)",0.2546
FGSM (eps=0.09),"GaussianSmoothing (k=5, sigma=0.8)",0.2827
FGSM (eps=0.09),JpegCompression (q=50),0.1327
FGSM (eps=0.09),JpegCompression (q=70),0.1273
FGSM (eps=0.09),JpegCompression (q=90),0.1462
FGSM (eps=0.09),SpatialSmoothing (w=3),0.3419
FGSM (eps=0.09),SpatialSmoothing (w=5),0.3983
FGSM (eps=0.09),Total Variance Minimization (p=0.3),0.3232
FGSM (eps=0.1),none,0.2907
FGSM (eps=0.1),"GaussianSmoothing (k=3, sigma=0.2)",0.2907
FGSM (eps=0.1),"GaussianSmoothing (k=3, sigma=0.4)",0.2847
FGSM (eps=0.1),"GaussianSmoothing (k=3, sigma=0.6)",0.2971
FGSM (eps=0.1),"GaussianSmoothing (k=3, sigma=0.8)",0.3241
FGSM (eps=0.1),"GaussianSmoothing (k=5, sigma=0.2)",0.2907
FGSM (eps=0.1),"GaussianSmoothing (k=5, sigma=0.4)",0.2847
FGSM (eps=0.1),"GaussianSmoothing (k=5, sigma=0.6)",0.2967
FGSM (eps=0.1),"GaussianSmoothing (k=5, sigma=0.8)",0.3237
FGSM (eps=0.1),JpegCompression (q=50),0.1575
FGSM (eps=0.1),JpegCompression (q=70),0.1579
FGSM (eps=0.1),JpegCompression (q=90),0.1823
FGSM (eps=0.1),SpatialSmoothing (w=3),0.3811
FGSM (eps=0.1),SpatialSmoothing (w=5),0.4388
FGSM (eps=0.1),Total Variance Minimization (p=0.3),0.3422
none,"GaussianSmoothing (k=3, sigma=0.2)",0.9249
none,"GaussianSmoothing (k=3, sigma=0.4)",0.9252
none,"GaussianSmoothing (k=3, sigma=0.6)",0.8971
none,"GaussianSmoothing (k=3, sigma=0.8)",0.8599
none,"GaussianSmoothing (k=5, sigma=0.2)",0.9249
none,"GaussianSmoothing (k=5, sigma=0.4)",0.9252
none,"GaussianSmoothing (k=5, sigma=0.6)",0.8953
none,"GaussianSmoothing (k=5, sigma=0.8)",0.8382
none,JpegCompression (q=50),0.8917
none,JpegCompression (q=70),0.8857
none,JpegCompression (q=90),0.9206
none,SpatialSmoothing (w=3),0.8449
none,SpatialSmoothing (w=5),0.6756
none,Total Variance Minimization (p=0.3),0.5524
